,country,Region,Surface area (km2),Population in thousands (2017),GDP: Gross domestic product (million current US$),"GDP growth rate (annual %, const. 2005 prices)",GDP per capita (current US$),Employment: Agriculture (% of employed),Employment: Industry (% of employed),Employment: Services (% of employed),Unemployment (% of labour force),International trade: Exports (million US$),International trade: Imports (million US$),International trade: Balance (million US$),"Balance of payments, current account (million US$)",Population growth rate (average annual %),Health: Total expenditure (% of GDP),Health: Physicians (per 1000 pop.),Education: Government expenditure (% of GDP),Individuals using the Internet (per 100 inhabitants),CO2 emission estimates (million tons/tons per capita),"Energy production, primary (Petajoules)",Health Care Index,Cost of Living,Property price to income ratio,Traffic commute time index,Pollution index,Climate index,Gross Rental Yield City Center,Gross Rental Yield Outside Center,Property Price to Rent Ratio City Center,Property Price to Rent Ratio Outside Center,Mortgate as percentage of income,Affordability Index,Cost Of Living Index,Rent Index,Cost Of Living Plus Rent Index,Grocery Index,Restaurant Price Index,Local Purchasing Power Index,Access to electricity (% of population),Adjusted net national income per capita (constant 2010 US$),Age dependency ratio (% of working-age population),"Air transport, freight (million ton-km)","Air transport, passengers carried",Commercial service exports (current US$),Commercial service imports (current US$),Consumer price index (2010 = 100),Current account balance (% of GDP),Current health expenditure (% of GDP),Exports of goods and services (% of GDP),"Inflation, consumer prices (annual %)","Life expectancy at birth, female (years)","Life expectancy at birth, male (years)","Life expectancy at birth, total (years)","Population, female","Population, male"
0,Argentina,SouthAmerica,2780400,44271,632343,2.4,14564.5,2,24.8,73.1,6.5,57733,55610,2124,-15944,1,4.8,3.8,5.3,256,3167,85,73.3,52.57,12.07,37.95,53.33,90.67,3.77,3.9,26.53,25.64,333.23,0.3,52.57,13.92,34.05,44.06,50.37,58.4,100,9094.367252,56.04635544,305.102,16749271,15274156208,24982416353,112.8871083,-4.848849811,9.124314785,11.24272132,,79.726,72.924,76.372,22572521,21472290
1,Australia,Oceania,7692060,24451,1230859,2.4,51352.2,2.7,21.2,76.1,5.5,189630,189406,224,-57746,1.5,9.4,3.4,5.2,948,15282,222,74.25,80.66,9.24,34.73,24.58,72.79,4.9,5.05,20.41,19.82,70.87,1.41,80.66,42.54,62.39,76.87,77.12,101.94,100,43073.96717,52.5996706,1982.586171,74257326,64296388330,67392204901,115.6867846,-2.689996524,9.205947816,21.19320015,1.948647409,84.6,80.5,82.5,12349632,12252228
2,Austria,WesternEurope,83871,8736,376967,1,44117.7,4.7,25.6,69.7,6.2,145503,149299,-3795,7020,0.6,11.2,5.2,5.5,118,505,158,80.91,71.52,9.66,26.27,21.9,62.13,3.63,3.78,27.55,26.46,59.08,1.69,71.52,25.86,49.64,65.86,66.94,95.66,100,39557.66799,49.6725857,391.268,16171640,66403956922,55455087774,113.9997367,1.534514068,10.39661691,54.03767102,2.081268583,84,79.4,81.64390244,4478340,4319226
3,Belarus,EasternEurope,207600,9468,54609,-3.9,5750.8,9.6,32,58.4,0.5,23414,27464,-4050,-2037,~0.0,5.7,4.1,4.9,25,155,122,53.76,33.84,18.73,27.66,39.64,20.07,5.31,4.82,18.85,20.75,587.51,0.17,33.84,12.21,23.47,27.19,37.6,36.43,100,5923.223118,45.52442109,1.9151,2493100,7883700000,4820200000,,-1.740287324,5.92578575,66.7896002,6.031837252,79.2,69.3,74.12926829,5077542,4420722
4,Belgium,WesternEurope,30528,11429,455107,1.5,40277.8,1.2,21.2,77.6,8.3,398033,372713,25321,1936,0.6,10.6,3,6.6,37,520,196,78.92,75.36,6.96,36.26,48.92,75.16,5.82,5.92,17.18,16.88,44.69,2.24,75.36,29.64,53.44,65.77,82.34,91.02,100,38493.27244,55.3290794,1574.378609,13676844,1.15167E+11,1.14004E+11,113.1289026,1.226775036,10.33866927,82.38680625,2.12597086,83.9,79.2,81.49268293,5766141,5609017
5,Bosnia and Herzegovina,SouthernEurope,51209,3507,16251,3.1,4265,18,30.4,51.7,25.4,5327,9130,-3803,-923,-1,9.6,1.9,-99,91,252,85,61.49,35.05,11.35,26.63,60.69,73.29,3.41,3.31,29.36,30.18,104.89,0.95,35.05,6.22,21.23,29.76,24.22,51.29,100,5061.666904,43.97906681,,,2006406621,657386055.1,102.8515861,-4.339925051,8.931667358,40.83058781,0.810133322,79.581,74.622,77.128,1709258,1642269
6,Brazil,SouthAmerica,8515767,209288,1772591,-3.8,8528.3,15.2,21.5,63.2,12.4,185235,137552,47683,-58882,0.9,8.3,1.9,6,990,10948,61,51.7,53.07,16.96,46.39,61.17,70.76,4.01,4.02,24.92,24.85,224.6,0.45,53.07,15.52,35.07,41.65,42.33,42.38,100,9359.891696,43.45006075,1736.549227,96395709,33676596773,70369731834,155.6687862,-0.727859993,9.467476606,12.52307537,3.44637335,79.156,71.804,75.456,105601740,102232091
7,Bulgaria,EasternEurope,111002,7085,48953,3,6846.8,6.5,29.4,64.1,8.1,26088,28875,-2787,196,-0.6,8.4,4,4.1,104,474,103,54.03,36.49,9.07,27.92,63.12,77.05,5.36,5.68,18.65,17.59,77.24,1.29,36.49,8.91,23.27,30.49,29.56,51.4,100,7224.353985,54.32655136,1.71896,1133069,9383450000,5879280000,107.9389572,3.599568277,8.095603436,67.30355987,2.064355063,78.4,71.4,74.81463415,3636886,3439061
8,Canada,NorthernAmerica,9984670,36624,1552808,0.9,43205.6,2.1,19.5,78.4,7.1,388911,402954,-14043,-53083,1,10.4,2.5,5.3,122,19276,324,69.23,70.16,6.4,36.24,26.54,44.31,5.47,6.16,18.29,16.23,42.14,2.37,70.16,29.84,50.83,69.26,65.65,108.01,100,41350.06993,48.61607453,2840.985135,91404001,93063926790,1.11157E+11,111.9848311,-2.814046464,10.57276949,31.41052736,1.596884129,84.1,79.9,81.94878049,18418770,18124551
9,Chile,SouthAmerica,756102,18055,240796,2.3,13416.2,9.6,22.9,67.5,6.8,59884,58804,1080,-4761,0.9,7.8,...,4.9,197,540,85,60.97,50.09,10.67,35.7,67.67,89.39,4.42,5.06,22.64,19.77,83.59,1.2,50.09,15.43,33.48,43.19,44.38,61.28,100,10980.763,45.38283894,1237.960141,17664974,9763417564,13194488377,125.5665448,-2.15290831,8.983509988,28.43950047,2.182718469,82.333,77.333,79.909,9373185,9097254
10,"China, Hong Kong SAR",EasternAsia,1106,7365,309236,2.4,42431,0.2,14.9,84.9,3.5,516588,547124,-30536,10101,0.6,-99,-99,3.3,64,-99,83,67.99,79.96,36.15,42.22,69.9,29.73,2.25,2.23,44.35,44.81,224.85,0.44,79.96,84.08,81.93,81.88,54.87,81.45,100,,38.46903456,12415.19932,45580297,1.04E+11,77558692271,127.7681573,4.577682531,,188.918524,1.480582524,87.6,81.9,84.6804878,3978989,3412711
11,China,EasternAsia,9600000,1409517,11158457,6.9,8109.1,27,23.9,49.1,4.6,2118981,1588696,530285,330602,0.5,5.5,1.5,-99,1080,101394,87,62.25,44.76,23.29,43.87,88.96,38.7,2.23,2.74,44.83,36.49,189.71,0.53,44.76,18.67,32.26,47.74,29.68,67.84,100,5480.724341,39.43594557,23323.6147,551234509,2.11364E+11,4.6854E+11,119.0880516,1.584973123,5.151193216,19.69227814,1.593137255,78.828,74.315,76.47,674707818,711687182
12,Colombia,SouthAmerica,1141748,49066,292080,3.1,6056.1,13.5,16.6,69.9,10.5,31045,44831,-13786,-18922,1,7.2,...,4.5,835,5380,31,65.79,34.45,19.43,43.77,63.9,81.34,4.25,4.3,23.52,23.28,283.62,0.35,34.45,10.69,23.06,28.76,24.97,37.63,98.5,5988.754235,46.53303066,1273.568638,32504898,8305703415,12298296662,131.8772691,-3.283557052,7.226280868,15.14528975,4.312141032,79.694,74.124,76.925,24915291,23985775
13,Croatia,SouthernEurope,56594,4189,48676,1.6,11479.4,9.2,26.8,64,11.7,13648,21830,-8182,2492,-0.4,7.8,3.1,4.6,176,182,79,65.49,48,10.91,28.45,33.34,82.02,3.31,3.69,30.24,27.07,89.21,1.12,48,10.09,29.83,39.91,37.53,60.71,100,13047.46428,52.57957236,0.58275,2057804,14773948041,4624578000,107.3639943,3.801067774,6.789133698,50.02892808,1.129372103,80.9,74.9,77.82682927,2139934,1984597
14,Cyprus,WesternAsia,9251,1180,19561,1.7,21941.9,4.1,16.7,79.2,10.3,1920,6604,-4684,-576,0.9,7.4,2.5,6.1,72,5,72,54.23,54.07,5.21,20.32,54.77,71.01,4.9,5.14,20.42,19.45,39.85,2.51,54.07,12.28,34.04,44.06,58.05,95.92,100,26093.20402,43.37320112,0.340319502,711554,13326017977,7831409650,100.8078868,-5.003863844,6.684569269,73.01529923,0.531766496,82.794,78.547,80.672,589132,590548
15,Czechia,EasternEurope,78868,10618,185156,4.5,17561.7,2.5,37,60.5,3.9,161248,140316,20932,1683,0.1,7.4,3.7,4.1,53,1221,164,74.09,41.22,10.7,31.98,41.04,65.32,4.17,4.61,24.01,21.71,65.37,1.53,41.22,14.83,28.57,35.84,27.99,76.22,100,16801.71647,52.39739062,27.81465,5450671,27307594297,21801376860,110.8672281,1.457993907,7.231339067,79.7260775,2.450533985,82,76.1,78.97804878,5385332,5209106
16,Denmark,NorthernEurope,42921,5734,301308,1.6,53149.3,2.4,19.2,78.4,6,94355,85133,9222,27582,0.5,10.8,3.6,8.6,47,666,119,75.45,83.02,8.2,28.42,25.97,64.24,4.71,4.82,21.21,20.76,52.39,1.91,83.02,35.02,60.01,63.84,101.01,98.76,100,53704.95939,56.61999565,,,69657202240,62995124118,108.6331578,7.796589863,10.10827944,55.13886639,1.14713217,83.1,79.2,81.10243902,2897965,2867015
17,Egypt,NorthernAfrica,1002000,97553,315917,4.2,3452.3,25.4,25.3,49.3,11.5,22507,58053,-35545,-16786,2.2,5.6,0.8,...,156,3509,36,43.73,22.36,10.66,48.84,88.88,75.59,7.18,7.74,13.93,12.93,138.09,0.72,22.36,5.03,14.05,19.01,18.56,29.39,100,2524.475991,63.83631303,403.828739,11748510,18612600000,16081600000,231.0941154,-3.373297094,5.287636817,15.8184438,29.50660839,73.967,69.453,71.656,47706816,48735777
18,Estonia,NorthernEurope,45227,1310,22460,1.4,17112,3.8,29,67.3,7.2,13952,15759,-1807,493,-0.3,6.4,3.3,5.5,23,242,193,71.3,49.5,10.54,26.71,17.71,44.56,4.11,3.95,24.33,25.3,68.75,1.45,49.5,13.98,32.47,36.74,46.76,68.48,100,16294.78517,55.12316147,,13103,6839243919,4752130177,115.4553248,2.693139279,6.429357827,76.13768653,3.417235495,82.6,73.8,78.09268293,698154,619230
19,Finland,NorthernEurope,338440,5523,231960,0.2,42148.1,4.2,22,73.8,8.9,57326,60502,-3176,-979,0.4,9.7,3,7.2,36,757,257,74.85,73.06,7.6,34.92,13.38,35.83,3.74,4.6,26.72,21.76,44.51,2.25,73.06,26.95,50.96,61.47,76.43,114.97,100,39458.5092,60.07661757,852.01263,12209646,29913728719,31453244990,110.0007799,-0.684971968,9.206938744,37.67558943,0.754015047,84.5,78.9,81.63170732,2794857,2713357
20,France,WesternEurope,551500,64980,2418946,1.3,36304.2,2.7,20.5,76.8,9.8,488885,560555,-71670,-4861,0.4,11.5,3.2,5.5,278,5694,158,78.62,74.89,11.58,35.81,40.15,73.91,3,3.67,33.29,27.22,73.86,1.35,74.89,24.83,50.9,69.54,72.89,87.29,100,36547.87958,60.71698782,4260.597,68316473,2.71067E+11,2.4903E+11,106.864453,-0.634662879,11.31289229,30.94863319,1.032282751,85.7,79.6,82.57560976,34480922,32383457
21,Germany,WesternEurope,357376,82114,3363600,1.7,41686.2,1.4,27.5,71.2,4.2,1340752,1060672,280080,279969,0.2,11.3,4.1,5,116,5004,158,76.74,65.5,7.46,30.55,27.05,57.97,3.75,4.09,26.68,24.47,45.91,2.18,65.5,25.35,46.26,50.09,62.62,124.88,100,40038.34518,53.42641775,7901.652344,114160685,3.15403E+11,3.45731E+11,109.3524635,7.835054377,11.2468347,47.3974342,1.509496558,83.4,78.7,80.99268293,41919970,40737032
22,Greece,SouthernEurope,131957,11160,194860,-0.2,17788,12.9,15,72.1,23,27811,47595,-19784,218,-0.4,8.1,6.3,...,374,368,89,53.92,55.87,8.33,31.6,52.05,87.25,4.14,4.2,24.15,23.8,62.48,1.6,55.87,10.2,33.98,44.95,54.62,58.24,100,19581.01081,55.28953157,23.525,13852857,38237102483,17510745541,101.0598733,-1.771218012,8.041390032,32.99039638,1.121235477,83.9,78.8,81.28780488,5475485,5279194
23,Hungary,EasternEurope,93024,9722,121715,3.1,12350.6,4.3,29.8,65.9,4.5,103071,92044,11027,3946,-0.3,7.4,3.3,4.7,66,423,97,53.46,42.77,11.2,33.09,43.99,66.49,5.43,5.97,18.43,16.76,97.32,1.03,42.77,12.67,28.35,33.62,32.72,47.52,100,12430.28477,49.14270834,,26066294,26887572030,18639180669,114.4500172,2.312371897,6.879989803,87.14309621,2.348242812,79.3,72.5,75.81707317,5133501,4654465
24,India,SouthernAsia,3287263,1339180,2116239,7.6,1614.2,44.3,24.5,31.2,3.4,260327,356705,-96378,-22457,1.2,4.7,0.7,3.8,1052,23103,27,69.18,25.08,10.28,46.38,76.53,9.3,3.08,3.81,32.44,26.24,123.44,0.81,25.08,6.77,16.31,25.2,16.38,76.73,92.6,1724.843572,50.28963726,2407.098107,139752424,1.84673E+11,1.08736E+11,159.8294647,-1.438793396,3.534959629,18.78268517,2.490886999,70.425,68,69.165,642787641,695871194
25,Indonesia,South-easternAsia,1910931,263991,861934,4.8,3346.5,31.4,22.4,46.2,5.8,144490,135653,8837,-17697,1.2,2.8,0.2,3.6,1281,19481,35,64.8,41.11,21.03,49.44,76.41,9.62,4.67,4.94,21.41,20.26,247.68,0.4,41.11,11.66,26.99,45.8,20.29,27.61,98.14,3136.524418,48.36101889,1052.36048,108393123,24665052782,32591673212,142.1824123,-1.594656902,2.989054471,20.17730444,3.80879807,73.515,69.156,71.282,131375660,133270226
26,Iran (Islamic Republic of),SouthernAsia,1628750,81163,398563,0.4,5038.1,16.6,32.5,50.9,11.3,45627,35333,10294,-99,1.2,7.5,1.5,2.9,134,13291,127,51.55,38.26,13.5,49.7,82.51,71.48,6.1,8.12,16.39,12.31,275.34,0.36,38.26,17.05,28.09,33.53,33.17,43.18,100,4523.723569,43.44433945,325.6687243,26858178.78,,,333.6733224,,8.659663796,24.94217685,8.044924377,77.436,75.217,76.271,39854933,40819018
27,Ireland,NorthernEurope,69797,4762,283716,26.3,60513.6,4.8,17.7,77.4,7.6,129315,76997,52318,28967,0.3,7.8,2.8,5.3,50,84,114,53.33,76.98,7.02,35.01,27.18,70.18,6.02,6.91,16.61,14.48,50.79,1.97,76.98,40.64,59.56,62.21,81.38,103.52,100,41859.25303,54.10677358,154.38504,153944513,1.82946E+11,2.31219E+11,105.079586,1.012198042,7.184383273,121.0425885,0.340531561,84,80.4,82.15609756,2426140,2381248
28,Israel,WesternAsia,22072,8322,299413,2.5,37129.4,1,17.9,81,5.9,60571,65803,-5232,13642,1.6,7.8,3.6,5.8,174,313,119,74.78,77.74,10.87,36.52,61.71,81.01,3.45,3.54,28.98,28.27,71.94,1.39,77.74,28.44,54.11,65.39,81.35,94.47,100,30793.64855,65.75526288,912.898,6993888,44080200000,28429900000,106.3806971,2.318986835,7.407464087,28.68432157,0.244210526,84.6,80.6,82.55121951,4385803,4327497
29,Italy,SouthernEurope,302073,59360,1821580,0.7,30462.4,3.5,27.1,69.4,11.4,461529,404578,56951,29348,-0.1,9.2,3.9,4.1,359,1539,103,66.31,83.7,12.39,36.38,51.57,82.6,2.69,3.56,37.18,28.06,82.64,1.21,83.7,21.49,53.89,73.94,76.24,71.83,100,29414.34629,56.18840008,1437.245062,26288001,1.1212E+11,1.14804E+11,108.7149018,2.619870241,8.840259165,30.73373332,1.226533166,85.2,80.8,82.94634146,31121471,29415238
30,Japan,EasternAsia,377930,127484,4383076,1.2,34628.7,3.7,26.5,69.8,3,644932,606924,38008,135608,-0.1,10.2,2.3,3.6,404,1114,146,78.63,85.28,12.68,46.81,41.01,31.91,2.21,2.75,45.15,36.32,72.76,1.37,85.28,27.56,57.62,89.92,47.83,102.52,100,39433.50799,66.45546292,10684.574,123898000,1.81994E+11,1.91028E+11,103.962704,4.174530252,10.93593314,17.75185227,0.467211747,87.26,81.09,84.0997561,64853783,61932014
31,Jordan,WesternAsia,89318,9702,37517,2.4,4940.1,2,17.8,80.2,13.4,7509,19207,-11698,-3332,4.9,7.5,2.6,-99,113,7,47,71.92,59.22,7.96,47.76,85.73,88.42,6.48,7.23,15.43,13.84,76.63,1.3,59.22,12.51,36.83,50.19,56.19,42.27,100,2894.827527,63.12277762,158.95506,3381677,6389295775,4626619718,119.3298693,-10.56590326,8.119250834,35.12049641,3.323894476,76.052,72.628,74.292,4829775,4949398
32,Lebanon,WesternAsia,10452,6082,50149,1.5,8571.4,8.2,22.4,69.4,7,3402,20409,-17007,-8146,6,6.4,2.4,2.6,87,7,55,64.28,61.65,13.95,36.15,85.11,69.39,5.36,6.27,18.67,15.94,126.66,0.79,61.65,30.89,46.91,46.92,60.23,53.61,100,5665.793232,50.00213601,53.387,2879528,15125597884,13823773942,118.9993072,-22.83356483,8.195544034,21.88032454,4.321352183,80.786,77.031,78.833,3386334,3425539
33,Lithuania,NorthernEurope,65286,2890,41402,1.8,14383.7,8.7,24.5,66.8,9.2,25025,27501,-2476,-977,-1.3,6.6,4.3,4.6,26,74,98,68.74,46.73,14.19,28,34.27,25.04,3.9,4.14,25.62,24.18,89.18,1.12,46.73,13.25,30.69,36.15,40.08,51.67,100,14388.7945,51.58048857,0.472,1069268,9462919104,5901919958,112.6424898,0.969448932,6.457564235,73.60578661,3.722888623,80.5,70.7,75.4804878,1523077,1305326
34,Malaysia,South-easternAsia,330323,31624,296284,5,9768.4,11.8,27.3,60.9,3.3,189414,168375,21039,8960,1.8,4.2,1.3,5,1272,3738,118,65.99,40.24,9.53,39.4,67.08,-79.43,4.07,4.05,24.6,24.66,72.87,1.37,40.24,11.19,26.32,42.44,20.87,73.34,100,8653.817541,44.46220955,1455.209824,58711937,37022387968,42022247442,119.6050658,2.80919895,3.859398142,70.04552188,3.871201158,78.008,73.903,75.828,15104524,16000504
35,Mexico,CentralAmerica,1964375,129163,1140724,2.5,8980.9,13.4,25.2,61.3,4.1,373883,387064,-13181,-33216,1.4,6.3,2.1,5.3,1162,8514,62,70.11,29.81,6.94,41.66,66.74,60.74,6.85,6.31,14.6,15.85,86.58,1.16,29.81,8.37,19.53,28.06,25.8,60.08,100,7901.164712,51.46924127,928.8355098,58537832,27463459761,37265060551,130.1978025,-1.77023701,5.516541377,37.68984096,6.04145724,77.827,72.046,74.947,63752822,61024502
36,Netherlands,WesternEurope,41542,17036,750318,2,44332.1,2.2,15.9,81.9,5.6,511714,420969,90745,65129,0.3,10.9,3.4,5.5,40,2447,178,82.5,72.47,8.52,33.9,27.62,61.87,5.38,5.93,18.6,16.86,56.24,1.78,72.47,32.45,53.29,55.95,82.27,86.52,100,45289.30488,54.19074121,5855.480476,42763443,1.74354E+11,1.66614E+11,111.0420628,10.81391378,10.10083482,83.39176802,1.381458714,83.4,80.2,81.76097561,8607750,8523546
37,New Zealand,Oceania,268107,4706,173417,3.1,38294.3,5.9,21.4,72.6,5.5,33833,36423,-2589,-5501,1.1,11,2.9,6.4,199,783,207,70.58,80.77,8.14,30.23,20.03,85.41,4.99,5.92,20.04,16.9,63.92,1.56,80.77,33.8,58.26,73.13,77.46,89.87,100,31778.66641,53.95420714,1335.953205,16271523,16950151676,13002353628,110.6515787,-2.707034666,9.170055389,27.48318944,1.850787675,83.4,80,81.65853659,2436831,2357069
38,Norway,NorthernEurope,386194,5305,386578,1.6,74185.5,2.2,20.2,77.6,5.1,89120,72473,16647,33746,1.2,9.7,4.4,7.4,64,8204,233,74.19,106.31,7.9,31.32,19.45,49.32,4.18,4.51,23.94,22.16,50.95,1.96,106.31,39.88,74.47,98.31,117.13,105.58,100,71668.66679,52.68356719,,,40502614063,49724162253,114.5507194,4.571425108,10.44634208,36.33299569,1.875100596,84.3,81,82.6097561,2615346,2661622
39,Pakistan,SouthernAsia,796095,197016,266458,5.5,1410.4,42.1,19.8,38.1,5.9,20534,46998,-26464,-1603,2.1,2.6,0.8,2.6,140,2202,17,59.05,27.18,12.09,38.69,80.08,42.54,4.08,3.81,24.51,26.26,156.97,0.64,27.18,5.03,16.57,24.83,21.01,39.95,70.79,1163.725097,66.09214565,214.52857,7260769,4499440000,11160061000,156.9113459,-5.312331129,2.898633666,8.257320296,4.08537368,67.928,66.041,66.947,100907719,106988967
40,Philippines,South-easternAsia,300000,104918,292449,5.9,2904.2,27.7,16.3,56.1,5.9,56313,85909,-29596,7694,1.6,4.7,...,...,783,991,19,69.16,34.71,16.91,45.14,70.25,-44.1,3.75,3.54,26.69,28.29,162.87,0.61,34.71,7.32,21.58,33.95,19.86,36,93,2994.281929,57.24532711,753.351739,39341995,34812501416,25844797493,120.2113525,-0.652387927,4.44640778,29.55229085,2.853187726,75.268,66.971,70.952,52293794,52879470
41,Poland,EasternEurope,312679,38171,477066,3.9,12355.5,10.9,29.6,59.5,5.3,196455,188518,7937,-2932,-~0.0,6.4,2.3,4.9,58,2819,102,61.46,38.15,10.12,34.55,50.33,62.53,4.66,5.25,21.44,19.04,73.08,1.37,38.15,13.93,26.54,29.69,31.53,71.75,100,13520.24909,46.65030818,221.814,7376512,58739000000,38313000000,109.6376705,0.018997653,6.541953981,54.33711798,2.075935537,81.8,73.9,77.75365854,19565914,18408912
42,Portugal,SouthernEurope,92226,10330,199122,1.6,19239.2,8,23.8,68.2,10.5,55658,67580,-11922,842,-0.4,9.5,4.4,5.1,281,250,84,70.31,49.19,8.85,30.44,28.91,92.19,5.95,6.08,16.81,16.46,60.87,1.64,49.19,16.77,33.66,39.14,41.24,62.72,100,19172.47667,54.38002339,421.8294532,15937325,34948649028,16517160295,109.1667051,1.378390799,8.969574422,42.7242664,1.368614116,84.6,78.4,81.42439024,5429333,4870967
43,Qatar,WesternAsia,11607,2639,164641,3.6,73653.4,1.2,54.1,44.7,0.3,57254,32058,25196,13751,6.6,2.2,2,3.6,39,9166,846,66.14,69.2,6.19,32.97,73.29,9.26,9.49,9.19,10.54,10.88,47.11,2.12,69.2,66.81,68.06,56.09,72.73,111.28,100,42663.33683,17.29221678,10970.08988,29949181,17527197802,29715109890,115.8588034,3.849280801,2.607428655,51.04242783,0.394878914,81.743,78.83,79.981,662995,2061729
44,Republic of Korea,EasternAsia,100284,50982,1377873,2.6,27396.7,5,24.7,70.3,3.6,495418,406182,89236,105871,0.4,7.4,2.2,5.1,111,2023,223,83.2,75.41,12.38,34.18,52.73,61.2,2.04,2.51,49.1,39.9,85.47,1.17,75.41,22.02,49.82,88.52,44.62,102.38,100,22899.67996,37.13234993,11511.80121,82818983,88720200000,1.24753E+11,113.0508001,4.632725578,7.603863627,40.93420694,1.944455907,85.7,79.7,82.62682927,25632820,25729091
45,Romania,EasternEurope,238391,19679,177956,3.7,9120.7,25.5,27.7,46.8,7.1,63581,74605,-11024,-2096,-0.6,5.6,2.7,3.1,104,1109,68,53.11,35.63,10.79,31.97,50.9,64.45,4.89,4.76,20.43,20.99,83.3,1.2,35.63,9.59,23.15,29.05,30.16,53.44,100,8947.499841,49.99522537,2.8045,4423249,24570199855,15287952958,113.9463616,-2.789943223,5.157888308,41.4700878,1.339021211,79.1,71.7,75.3097561,10053129,9534161
46,Russian Federation,EasternEurope,17098246,143990,1326016,-3.7,9243.3,6.8,27.1,66.1,5.8,285491,182257,103234,69000,0.1,7.1,3.3,3.9,235,54829,208,56.4,42.01,13.55,48.57,63.04,10.69,5.75,6.31,17.39,15.85,193.91,0.52,42.01,17.58,30.3,33.58,43.85,48.27,100,8827.816298,46.83702707,6845.22951,89373638,56748830000,87439810000,168.1752389,2.060068773,5.344577879,26.09088098,3.683329444,77.6,67.51,72.43195122,77546481,66950259
47,Saudi Arabia,WesternAsia,2206714,32938,653219,3.4,20710.6,5.9,22.7,71.4,5.5,182329,135904,46426,-56724,2.8,4.7,2.6,...,131,25904,287,60.41,48.37,2.85,36.31,74.18,17.96,7.29,8.01,13.72,12.49,21.07,4.75,48.37,14.36,32.07,40.54,30.22,138.05,99.93,14520.2111,39.79483249,867.640758,37503000,17446931307,54304994785,118.0299772,1.519677983,5.23025319,34.85306047,-0.83819458,76.487,73.671,74.874,14125194,18973953
48,Serbia,SouthernEurope,88499,8791,37160,0.8,5238.6,19.4,24.5,56.1,15.5,14852,19231,-4379,-1751,-0.4,10.4,2.5,4.2,71,393,62,53.86,33.79,17.87,29.93,55.29,82.66,3.14,3.33,31.88,30.07,142.63,0.7,33.79,7.25,21.07,24.96,27.2,40.8,100,5116.376951,50.87652416,7.355192,2442731,5943301157,4802207665,138.6654534,-5.264526002,8.433958143,50.54078791,3.131062486,78.1,73.1,75.53902439,3580264,3440594
49,Singapore,South-easternAsia,719,5709,292734,2,52239,0.3,17,82.6,2,329871,283009,46862,57922,1.7,4.9,1.9,2.9,293,27,209,69.87,82.41,21.63,43.39,37.04,-71.47,2.75,3.65,36.41,27.39,134.33,0.74,82.41,70.22,76.57,71.68,58.33,92.7,100,45178.69351,29.52086364,5062.992579,38094990,1.6939E+11,1.80034E+11,113.2659229,16.26382316,4.440382868,170.7053754,0.57626031,85.4,80.9,83.09512195,2674905,2937348
50,Slovakia,EasternEurope,49035,5448,87268,3.8,16082.5,3.3,34.5,62.2,9.9,77565,75156,2409,193,0.1,8.1,3.4,4.2,54,264,121,62.63,44.9,9.85,36.03,43.51,65.06,5.62,5.57,17.78,17.94,61.59,1.62,44.9,16.49,31.29,38.84,33.17,64.75,100,14893.34749,43.71688959,,7925,10557099768,9556991730,109.5903321,-1.92124039,6.742534786,95.17070123,1.311945882,80.7,73.8,77.16585366,2793675,2645557
51,Slovenia,SouthernEurope,20273,2080,42777,2.3,20689.8,8.9,29.6,61.5,8.1,27585,26646,939,2216,0.3,9.2,2.8,5.5,143,154,135,64.35,53.24,8.34,26.48,26.37,60.5,4.2,4.21,23.82,23.77,60.26,1.66,53.24,14.06,34.46,43.48,43.13,78.23,100,20396.04433,51.34433803,0.5664,1087075,8256449247,5649619234,107.4021101,6.152710431,8.18701759,82.96492266,1.429107433,84,78.2,81.02926829,1038723,1027665
52,South Africa,SouthernAfrica,1221037,56717,314571,1.3,5773,6.1,26.2,67.7,26,74111,74744,-633,-13644,1.4,8.8,0.8,6,581,7102,122,61.72,43.12,3.58,42.98,63.56,88.74,9.51,10.41,10.51,9.6,41.97,2.38,43.12,16.33,30.28,36.27,40.2,98.96,84.4,6181.729998,52.3680399,833.3479475,20821044,15387496171,15773982430,146.0537215,-2.54979945,8.113118261,29.62766937,5.181082233,67.064,60.162,63.538,28883601,28116850
53,Spain,SouthernEurope,505944,46354,1192955,3.2,25865.4,3.9,19.2,76.8,18.3,281777,302539,-20762,16208,-0.2,9,3.8,4.3,617,1432,102,76.65,54.98,8.26,32.63,37.46,88.04,4.38,5.23,22.81,19.13,52.02,1.92,54.98,18.83,37.65,44.68,53.68,87.87,100,27021.26196,51.16971897,1078.63356,71598374,1.44762E+11,72302235551,108.3753351,2.713088077,8.873129636,35.17839222,1.956083333,86.1,80.6,83.28292683,23723820,22869416
54,Sri Lanka,SouthernAsia,65610,20877,82316,4.8,3973.7,27.4,25.9,46.6,5.2,10546,19501,-8955,-2009,0.5,3.5,...,2.2,587,179,20,80.04,33.47,17.49,47.19,61.9,2.4,4.91,4.47,20.38,22.38,238.64,0.42,33.47,8.74,21.62,36.79,19.51,30.28,97.5,3666.867163,52.74330001,398.4734642,5403577,7689872443,4352662707,147.0878582,-2.641021534,3.8114205,21.83146528,7.704137679,79.979,73.238,76.648,11133868,10310132
55,Sweden,NorthernEurope,438574,9911,495694,4.1,50687.5,1.8,18.2,79.9,7.3,139574,140838,-1263,23250,0.8,11.9,4.1,7.7,54,1428,206,70.64,75.88,11.77,31.6,17.87,59.13,2.52,3.22,39.66,31.08,71.27,1.4,75.88,26.86,52.39,67.94,78.27,107.23,100,48316.27676,59.965652,,,74155873151,69960800756,106.4917747,3.084006348,11.01874635,43.73472193,1.794499047,84.1,80.8,82.4097561,5025514,5032184
56,Switzerland,WesternEurope,41291,8476,670790,0.8,80831.1,3.5,20.4,76.1,4.6,304691,269157,35534,77378,1.2,11.7,4.1,5.1,74,552,126,71.04,122.06,14.04,28.3,20.77,69.32,3.01,3.15,33.24,31.78,81.89,1.22,122.06,56.57,90.68,122.72,119.85,95.35,100,60640.14866,49.9325805,1581.35236,26732570,1.20397E+11,1.05501E+11,98.26686201,6.416519284,12.34632209,65.03266312,0.533795988,85.6,81.6,83.55121951,4263869,4187971
57,Thailand,South-easternAsia,513120,69038,395168,2.8,5814.8,34,22.7,43.3,0.6,213927,195666,18260,32149,0.4,4.1,...,4.1,611,3338,83,80.66,43.71,24.43,43.56,73.23,-20.21,3.8,3.54,26.29,28.27,212.03,0.47,43.71,14.94,29.92,48.31,21.42,34.28,99.9,4783.331667,40.43126264,2511.891368,70704889,70666590667,46384831963,111.2868092,9.632341137,3.746016324,66.68192937,0.665631893,80.468,72.977,76.683,35458012,33751846
58,The former Yugoslav Republic of Macedonia,SouthernEurope,25713,2083,10052,3.8,4836.1,16.2,29.2,54.5,27.3,4785,6757,-1972,-204,0.1,6.5,2.8,...,110,53,53,63.46,30.93,14.67,33.79,83.38,75.54,3.71,3.57,26.93,28.04,132.83,0.75,30.93,6.02,18.99,25.41,20.74,39.85,100,4432.662783,42.67585587,,,1622275888,1180295136,110.9158333,-0.855503441,6.062114984,55.14571934,1.351618897,77.639,73.584,75.589,1040211,1041785
59,Turkey,WesternAsia,783562,80745,717888,4,9125.8,19.6,27.5,52.9,10.8,142606,198602,-55996,-32278,1.6,5.4,1.7,4.8,388,1303,65,71.68,38.6,8.87,47.58,70.46,73.19,5.43,6.28,18.41,15.92,121.45,0.82,38.6,10.56,25.16,33.46,26.45,55.64,100,12064.01656,49.83174251,4800.237745,107917326,52747000000,26036000000,174.9687033,-4.75959953,4.216302931,24.77379433,11.14431108,80.088,74.149,77.161,41130856,39971036
60,Ukraine,EasternEurope,603500,44223,90615,-9.9,2021.6,15.7,24.6,59.7,8.8,36369,39184,-2815,-189,-0.5,7.1,3,5.9,102,3203,98,49.81,26.22,22.87,39.16,67.26,49.94,5.3,6.01,18.88,16.63,512.06,0.2,26.22,9.36,18.14,19.87,19.69,26.93,100,2845.424466,46.59356793,53.792982,6794396,13860000000,12231000000,235.2992044,-2.176657696,6.99532032,48.01429815,14.43832275,76.78,67.02,71.78097561,24074287,20756848
61,United Arab Emirates,WesternAsia,83600,9400,370296,3.8,40438.8,3.5,21.1,75.4,3.7,195613,201908,-6296,-99,2,3.6,1.6,-99,56,8642,366,60.49,67.98,5.6,35.05,58.52,8.86,9.7,10.65,10.3,9.39,42.07,2.38,67.98,68.84,68.39,55.36,63.92,116.77,100,37929.27436,18.39798117,16616.24461,95306195,,,113.302921,,3.334282339,99.59493841,1.966825578,79.008,76.966,77.647,2891723,6595480
62,United Kingdom,NorthernEurope,242495,66182,2858003,2.2,44162.4,1.2,18.4,80.4,5,415856,635570,-219713,-122571,0.6,9.1,2.8,5.7,102,4482,116,74.28,69.49,10,34.6,34.88,78.91,4.16,4.4,24.02,22.75,69.1,1.45,69.49,30.98,51.03,55.85,76.84,96.85,100,36564.26445,56.06989604,5915.641,151159067,3.72378E+11,2.28133E+11,114.9435916,-3.489235529,9.631694108,30.36612544,2.557755776,83.1,79.5,81.25609756,33464674,32594185
63,United States of America,NorthernAmerica,9833517,324460,18036648,2.6,56053.8,1.5,17.2,81.3,4.9,1453167,2249661,-796494,-462961,0.7,17.1,2.6,5.4,1513,83887,289,68.22,75.42,3.26,34.58,31.19,67.95,11.23,12.24,8.9,8.17,23.53,4.25,75.42,40.3,58.59,75.57,70.02,123.17,100,46371.35483,52.15580568,41591.55177,849403000,7.79305E+11,5.21836E+11,112.4115573,-2.256264376,17.06126928,12.09483379,2.130110004,81.1,76.1,78.53902439,164193686,160791853
64,Venezuela (Bolivarian Republic of),SouthAmerica,912050,31977,344331,-6.2,11068.9,11.9,26.8,61.3,6.6,19731,16324,3407,-20360,1.4,5.3,...,...,328,7460,90,36.9,38.3,202.07,46.24,72.9,91.17,3.51,3.18,28.48,31.42,4469.07,0.02,38.3,7.51,23.55,39.4,37.34,3.35,99.2,,53.64358938,2.792915532,4209158,,,,,1.181210112,,,76.194,68.523,72.246,14843348,14547061
65,Vietnam,South-easternAsia,330967,95541,193241,6.7,2067.9,41.8,22.9,35.2,2.2,176632,174111,2520,906,1.1,7.1,1.2,5.7,616,2977,30,47.87,40.11,26.76,33,88.1,-12.87,4.52,7.03,22.1,14.22,285.55,0.35,40.11,15.49,28.31,39.6,20.46,24.77,100,1613.264805,43.12003183,453.34954,42592762,13070000000,17100000000,153.6316522,-0.736884882,5.532128364,101.5934358,3.520256888,79.366,71.124,75.241,47405623,47191019
